0,1,2,3,4,5
Mit,cleveren,Hilfsmitteln,und,kleinen,Tricks
Euro,,,,,
Angst,.,,,,
Ukraine-Krieg,,,,,
Und,ich,freue,mich,jetzt,
Die,vier,Flammen,,,
Die,dünnen,Wände,,,
Energieberater,.,,,,
Jahr,200,,,,
Die,feuchte,Luft,,,
Energiespartipps,.,,,,
Test,.,,,,
QX6,,,,,
Dyson,V15,,,,
Kobold,VB100,,,,
Der,mittelpreisige,Akkusauger,,,
Saugen,.,,,,
Zeit,,,,,
Dyson,,,,,
QX6,,,,,
Dyson,,,,,
Herstellerangaben,.,,,,
Grundig-Geräts,,,,,
Beim,Bosch-Sauger,,,,
Der,teure,Kobold,,,
Bosch,.,,,,
Marktcheck,,,,,
Berliner,,,,,
BGH,,,,,
Zeit,,,,,
Internet,,,,,
Stuttgarter,,,,,
Mietvertrag,.,,,,
Das,Risiko,,,,
Ganz,schön,,,,
Wie,mache,ich,,,
Susanne,.,,,,
Susanne,,,,,
Und,was,ich,bekomme,,
Mietvertrages,.,,,,
Was,sagen,Sie,?,,
Aufklärung,.,,,,
online,.,,,,
Wie,ein,Saft,,,
Was,für,eins,?,,
Sandra,,,,,
Familie,.,,,,
Verbrauchern,.,,,,
Vitaminen,.,,,,
Die,Kinder,haben,Eis,bekommen,
Zeit,,,,,
